{"cameraMode":{"drawMode":0,"name":"Shaded","section":"Shading Mode"},"sceneLighting":true,"audioPlay":false,"sceneViewState":{"showFog":true,"showMaterialUpdate":false,"showSkybox":true,"showFlares":true,"showImageEffects":true,"showParticleSystems":true},"in2DMode":false,"pivot":{"x":-17.12139129638672,"y":-1.4828464984893799,"z":-4.121356010437012},"rotation":{"x":-0.17618350684642793,"y":0.3837786018848419,"z":-0.07485660910606384,"w":-0.9033998250961304},"size":11.590255737304688,"orthographic":false}